{"mean_absolute_error": 18.859838274932613, "root_mean_squared_error": 29.750127409181523, "r2_score": 0.9674052713826887}