{"mean_absolute_error": 29.602150537634408, "root_mean_squared_error": 44.48084642770112, "r2_score": 0.9269508328658307}